date,store_id,sales
2023-01-01,1,165.1
2023-01-02,1,205.9
2023-01-03,1,206.3
2023-01-04,1,184.6
2023-01-05,1,177.2
2023-01-06,1,171.5
2023-01-07,1,157.0
2023-01-08,1,172.7
2023-01-09,1,192.8
2023-01-10,1,177.3
2023-01-11,1,192.0
2023-01-12,1,180.4
2023-01-13,1,166.2
2023-01-14,1,169.2
2023-01-15,1,190.2
2023-01-16,1,194.6
2023-01-17,1,183.8
2023-01-18,1,190.0
2023-01-19,1,184.3
2023-01-20,1,164.1
2023-01-21,1,160.6
2023-01-22,1,187.8
2023-01-23,1,199.5
2023-01-24,1,197.3
2023-01-25,1,189.9
2023-01-26,1,168.1
2023-01-27,1,166.6
2023-01-28,1,155.4
2023-01-29,1,183.3
2023-01-30,1,204.3
2023-01-31,1,201.9
2023-02-01,1,191.2
2023-02-02,1,172.0
2023-02-03,1,165.8
2023-02-04,1,160.8
2023-02-05,1,178.7
2023-02-06,1,186.6
2023-02-07,1,196.8
2023-02-08,1,168.6
2023-02-09,1,171.6
2023-02-10,1,166.7
2023-02-11,1,163.7
2023-02-12,1,189.2
2023-02-13,1,209.0
2023-02-14,1,199.3
2023-02-15,1,178.7
2023-02-16,1,182.2
2023-02-17,1,169.4
2023-02-18,1,168.9
2023-02-19,1,174.8
2023-02-20,1,199.4
2023-02-21,1,196.4
2023-02-22,1,181.3
2023-02-23,1,174.9
2023-02-24,1,150.8
2023-02-25,1,171.9
2023-02-26,1,182.8
2023-02-27,1,194.5
2023-02-28,1,199.1
2023-03-01,1,177.9
2023-03-02,1,161.2
2023-03-03,1,177.8
2023-03-04,1,162.9
2023-03-05,1,165.8
2023-03-06,1,204.8
2023-03-07,1,189.3
2023-03-08,1,194.4
2023-03-09,1,186.1
2023-03-10,1,158.3
2023-03-11,1,175.9
2023-03-12,1,187.3
2023-03-13,1,211.4
2023-03-14,1,205.3
2023-03-15,1,183.4
2023-03-16,1,150.5
2023-03-17,1,152.6
2023-03-18,1,159.3
2023-03-19,1,189.9
2023-03-20,1,207.8
2023-03-21,1,188.5
2023-03-22,1,200.9
2023-03-23,1,163.6
2023-03-24,1,152.2
2023-03-25,1,150.5
2023-03-26,1,183.4
2023-03-27,1,189.8
2023-03-28,1,212.6
2023-03-29,1,179.6
2023-03-30,1,178.6
2023-03-31,1,148.4
2023-04-01,1,174.7
2023-04-02,1,181.2
2023-04-03,1,198.6
2023-04-04,1,195.9
2023-04-05,1,184.5
2023-04-06,1,176.3
2023-04-07,1,178.6
2023-04-08,1,153.9
2023-04-09,1,176.6
2023-04-10,1,189.5
2023-04-11,1,184.4
2023-04-12,1,173.4
2023-04-13,1,164.0
2023-04-14,1,156.5
2023-04-15,1,178.5
2023-04-16,1,189.9
2023-04-17,1,187.4
2023-04-18,1,207.2
2023-04-19,1,180.7
2023-04-20,1,170.4
2023-04-21,1,163.7
2023-04-22,1,185.5
2023-04-23,1,182.7
2023-04-24,1,180.9
2023-04-25,1,206.9
2023-04-26,1,200.0
2023-04-27,1,180.2
2023-04-28,1,150.6
2023-04-29,1,165.6
2023-04-30,1,179.8
2023-05-01,1,213.3
2023-05-02,1,205.7
2023-05-03,1,205.8
2023-05-04,1,164.2
2023-05-05,1,158.3
2023-05-06,1,159.0
2023-05-07,1,189.8
2023-05-08,1,207.0
2023-05-09,1,203.4
2023-05-10,1,189.6
2023-05-11,1,175.5
2023-05-12,1,146.7
2023-05-13,1,160.3
2023-05-14,1,176.7
2023-05-15,1,195.5
2023-05-16,1,193.0
2023-05-17,1,180.2
2023-05-18,1,155.3
2023-05-19,1,164.8
2023-05-20,1,150.6
2023-05-21,1,190.0
2023-05-22,1,198.9
2023-05-23,1,208.4
2023-05-24,1,179.8
2023-05-25,1,190.0
2023-05-26,1,182.7
2023-05-27,1,164.7
2023-05-28,1,183.9
2023-05-29,1,195.5
2023-05-30,1,209.6
2023-05-31,1,196.6
2023-06-01,1,153.6
2023-06-02,1,152.2
2023-06-03,1,168.3
2023-06-04,1,187.7
2023-06-05,1,197.1
2023-06-06,1,182.5
2023-06-07,1,194.2
2023-06-08,1,189.6
2023-06-09,1,137.5
2023-06-10,1,173.8
2023-06-11,1,198.3
2023-06-12,1,205.1
2023-06-13,1,198.7
2023-06-14,1,197.6
2023-06-15,1,170.5
2023-06-16,1,165.9
2023-06-17,1,165.2
2023-06-18,1,181.1
2023-06-19,1,188.0
2023-06-20,1,194.9
2023-06-21,1,204.9
2023-06-22,1,165.1
2023-06-23,1,140.9
2023-06-24,1,199.5
2023-06-25,1,175.6
2023-06-26,1,193.0
2023-06-27,1,195.5
2023-06-28,1,188.8
2023-06-29,1,163.7
2023-06-30,1,175.4
2023-07-01,1,162.4
2023-07-02,1,169.5
2023-07-03,1,166.9
2023-07-04,1,210.4
2023-07-05,1,184.3
2023-07-06,1,175.1
2023-07-07,1,151.2
2023-07-08,1,165.3
2023-07-09,1,179.7
2023-07-10,1,204.8
2023-07-11,1,201.2
2023-07-12,1,177.4
2023-07-13,1,195.3
2023-07-14,1,164.8
2023-07-15,1,154.9
2023-07-16,1,181.9
2023-07-17,1,199.5
2023-07-18,1,204.3
2023-07-19,1,192.3
2023-07-20,1,173.8
2023-07-21,1,169.7
2023-07-22,1,171.6
2023-07-23,1,187.5
2023-07-24,1,177.9
2023-07-25,1,182.2
2023-07-26,1,180.7
2023-07-27,1,168.8
2023-07-28,1,152.9
2023-07-29,1,154.2
2023-07-30,1,182.4
2023-07-31,1,186.9
2023-08-01,1,175.5
2023-08-02,1,175.1
2023-08-03,1,165.2
2023-08-04,1,157.9
2023-08-05,1,173.4
2023-08-06,1,184.3
2023-08-07,1,175.6
2023-08-08,1,214.0
2023-08-09,1,186.7
2023-08-10,1,172.0
2023-08-11,1,161.7
2023-08-12,1,155.8
2023-08-13,1,185.6
2023-08-14,1,176.2
2023-08-15,1,212.9
2023-08-16,1,190.6
2023-08-17,1,175.0
2023-08-18,1,165.8
2023-08-19,1,159.9
2023-08-20,1,192.7
2023-08-21,1,188.4
2023-08-22,1,189.5
2023-08-23,1,190.2
2023-08-24,1,157.5
2023-08-25,1,154.8
2023-08-26,1,167.0
2023-08-27,1,187.4
2023-08-28,1,195.3
2023-08-29,1,190.5
2023-08-30,1,185.3
2023-08-31,1,164.6
2023-09-01,1,159.5
2023-09-02,1,158.2
2023-09-03,1,170.2
2023-09-04,1,184.6
2023-09-05,1,181.1
2023-09-06,1,199.5
2023-09-07,1,178.5
2023-09-08,1,148.2
2023-09-09,1,170.9
2023-09-10,1,180.4
2023-09-11,1,182.7
2023-09-12,1,189.0
2023-09-13,1,187.2
2023-09-14,1,178.7
2023-09-15,1,166.4
2023-09-16,1,159.0
2023-09-17,1,184.6
2023-09-18,1,194.0
2023-09-19,1,192.1
2023-09-20,1,198.3
2023-09-21,1,172.9
2023-09-22,1,165.6
2023-09-23,1,153.4
2023-09-24,1,174.8
2023-09-25,1,203.8
2023-09-26,1,196.7
2023-09-27,1,186.4
2023-09-28,1,160.7
2023-09-29,1,162.5
2023-09-30,1,153.6
2023-10-01,1,183.7
2023-10-02,1,185.7
2023-10-03,1,197.4
2023-10-04,1,204.4
2023-10-05,1,175.0
2023-10-06,1,157.0
2023-10-07,1,172.9
2023-10-08,1,172.8
2023-10-09,1,185.8
2023-10-10,1,195.9
2023-10-11,1,199.7
2023-10-12,1,181.7
2023-10-13,1,155.5
2023-10-14,1,161.5
2023-10-15,1,184.2
2023-10-16,1,219.9
2023-10-17,1,197.1
2023-10-18,1,202.5
2023-10-19,1,173.8
2023-10-20,1,169.0
2023-10-21,1,174.5
2023-10-22,1,181.8
2023-10-23,1,195.4
2023-10-24,1,197.4
2023-10-25,1,192.2
2023-10-26,1,183.2
2023-10-27,1,173.7
2023-10-28,1,176.5
2023-10-29,1,175.3
2023-10-30,1,190.0
2023-10-31,1,191.2
2023-11-01,1,190.2
2023-11-02,1,180.7
2023-11-03,1,154.9
2023-11-04,1,162.5
2023-11-05,1,186.5
2023-11-06,1,192.4
2023-11-07,1,197.6
2023-11-08,1,199.8
2023-11-09,1,171.6
2023-11-10,1,153.3
2023-11-11,1,165.3
2023-11-12,1,184.3
2023-11-13,1,220.7
2023-11-14,1,214.7
2023-11-15,1,220.6
2023-11-16,1,160.7
2023-11-17,1,174.4
2023-11-18,1,179.9
2023-11-19,1,180.3
2023-11-20,1,191.7
2023-11-21,1,206.9
2023-11-22,1,185.4
2023-11-23,1,159.9
2023-11-24,1,146.3
2023-11-25,1,149.4
2023-11-26,1,182.3
2023-11-27,1,202.3
2023-11-28,1,189.8
2023-11-29,1,193.5
2023-11-30,1,176.1
2023-12-01,1,164.0
2023-12-02,1,171.2
2023-12-03,1,182.2
2023-12-04,1,209.0
2023-12-05,1,205.7
2023-12-06,1,176.1
2023-12-07,1,189.7
2023-12-08,1,150.9
2023-12-09,1,164.2
2023-12-10,1,205.5
2023-12-11,1,200.5
2023-12-12,1,191.3
2023-12-13,1,192.0
2023-12-14,1,176.5
2023-12-15,1,162.5
2023-12-16,1,159.3
2023-12-17,1,167.2
2023-12-18,1,184.0
2023-12-19,1,191.7
2023-12-20,1,201.6
2023-12-21,1,159.1
2023-12-22,1,162.1
2023-12-23,1,178.3
2023-12-24,1,186.5
2023-12-25,1,209.9
2023-12-26,1,193.6
2023-12-27,1,195.0
2023-12-28,1,182.8
2023-12-29,1,169.9
2023-12-30,1,173.3
2023-12-31,1,168.1
2024-01-01,1,202.3
2024-01-02,1,204.4
2024-01-03,1,187.2
2024-01-04,1,165.3
2024-01-05,1,165.0
2024-01-06,1,154.5
2024-01-07,1,175.7
2024-01-08,1,205.1
2024-01-09,1,209.9
2024-01-10,1,193.5
2024-01-11,1,166.7
2024-01-12,1,149.4
2024-01-13,1,156.6
2024-01-14,1,192.9
2024-01-15,1,197.6
2024-01-16,1,198.5
2024-01-17,1,190.3
2024-01-18,1,178.2
2024-01-19,1,150.2
2024-01-20,1,159.5
2024-01-21,1,186.5
2024-01-22,1,198.0
2024-01-23,1,210.6
2024-01-24,1,196.2
2024-01-25,1,163.6
2024-01-26,1,127.1
2024-01-27,1,166.4
2024-01-28,1,169.5
2024-01-29,1,200.7
2024-01-30,1,215.4
2024-01-31,1,178.4
2024-02-01,1,177.8
2024-02-02,1,169.2
2024-02-03,1,167.8
2024-02-04,1,183.3
2024-02-05,1,174.9
2024-02-06,1,200.2
2024-02-07,1,188.6
2024-02-08,1,181.8
2024-02-09,1,170.1
2024-02-10,1,159.3
2024-02-11,1,161.0
2024-02-12,1,179.7
2024-02-13,1,213.6
2024-02-14,1,187.9
2024-02-15,1,156.9
2024-02-16,1,147.3
2024-02-17,1,166.7
2024-02-18,1,181.2
2024-02-19,1,212.2
2024-02-20,1,198.7
2024-02-21,1,192.5
2024-02-22,1,170.9
2024-02-23,1,168.7
2024-02-24,1,182.0
2024-02-25,1,189.4
2024-02-26,1,215.3
2024-02-27,1,204.9
2024-02-28,1,172.8
2024-02-29,1,163.1
2024-03-01,1,168.7
2024-03-02,1,162.0
2024-03-03,1,180.0
2024-03-04,1,187.5
2024-03-05,1,213.9
2024-03-06,1,204.0
2024-03-07,1,169.0
2024-03-08,1,158.3
2024-03-09,1,177.1
2024-03-10,1,190.5
2024-03-11,1,179.3
2024-03-12,1,206.3
2024-03-13,1,193.6
2024-03-14,1,173.2
2024-03-15,1,151.7
2024-03-16,1,155.8
2024-03-17,1,149.0
2024-03-18,1,189.1
2024-03-19,1,179.8
2024-03-20,1,183.3
2024-03-21,1,175.3
2024-03-22,1,148.8
2024-03-23,1,177.7
2024-03-24,1,199.6
2024-03-25,1,198.0
2024-03-26,1,205.6
2024-03-27,1,172.5
2024-03-28,1,173.2
2024-03-29,1,146.4
2024-03-30,1,147.1
2024-03-31,1,167.3
2024-04-01,1,194.1
2024-04-02,1,199.1
2024-04-03,1,187.9
2024-04-04,1,159.7
2024-04-05,1,161.6
2024-04-06,1,157.4
2024-04-07,1,181.3
2024-04-08,1,193.3
2024-04-09,1,181.5
2024-04-10,1,181.9
2024-04-11,1,176.8
2024-04-12,1,168.9
2024-04-13,1,152.0
2024-04-14,1,172.4
2024-04-15,1,191.2
2024-04-16,1,211.2
2024-04-17,1,193.4
2024-04-18,1,158.5
2024-04-19,1,165.4
2024-04-20,1,177.1
2024-04-21,1,182.2
2024-04-22,1,187.9
2024-04-23,1,208.0
2024-04-24,1,190.5
2024-04-25,1,168.8
2024-04-26,1,169.4
2024-04-27,1,164.3
2024-04-28,1,180.8
2024-04-29,1,204.2
2024-04-30,1,194.5
2024-05-01,1,177.1
2024-05-02,1,174.6
2024-05-03,1,176.1
2024-05-04,1,141.6
2024-05-05,1,187.3
2024-05-06,1,196.0
2024-05-07,1,194.2
2024-05-08,1,182.2
2024-05-09,1,180.4
2024-05-10,1,167.3
2024-05-11,1,154.0
2024-05-12,1,183.0
2024-05-13,1,209.4
2024-05-14,1,206.5
2024-05-15,1,172.0
2024-05-16,1,177.8
2024-05-17,1,148.0
2024-05-18,1,166.5
2024-05-19,1,172.5
2024-05-20,1,199.7
2024-05-21,1,192.8
2024-05-22,1,178.2
2024-05-23,1,174.5
2024-05-24,1,161.7
2024-05-25,1,172.6
2024-05-26,1,174.7
2024-05-27,1,180.5
2024-05-28,1,206.3
2024-05-29,1,203.1
2024-05-30,1,165.5
2024-05-31,1,165.4
2024-06-01,1,161.2
2024-06-02,1,199.3
2024-06-03,1,190.4
2024-06-04,1,199.0
2024-06-05,1,168.5
2024-06-06,1,187.1
2024-06-07,1,155.2
2024-06-08,1,177.3
2024-06-09,1,173.3
2024-06-10,1,194.8
2024-06-11,1,191.7
2024-06-12,1,179.3
2024-06-13,1,168.4
2024-06-14,1,159.1
2024-06-15,1,160.7
2024-06-16,1,164.8
2024-06-17,1,198.5
2024-06-18,1,179.9
2024-06-19,1,185.3
2024-06-20,1,155.5
2024-06-21,1,169.5
2024-06-22,1,176.7
2024-06-23,1,185.9
2024-06-24,1,190.9
2024-06-25,1,192.1
2024-06-26,1,186.1
2024-06-27,1,170.8
2024-06-28,1,165.3
2024-06-29,1,168.3
2024-06-30,1,159.6
2023-01-01,2,216.6
2023-01-02,2,229.5
2023-01-03,2,221.7
2023-01-04,2,209.0
2023-01-05,2,201.9
2023-01-06,2,192.3
2023-01-07,2,183.3
2023-01-08,2,210.6
2023-01-09,2,227.5
2023-01-10,2,238.1
2023-01-11,2,217.6
2023-01-12,2,181.0
2023-01-13,2,193.0
2023-01-14,2,177.5
2023-01-15,2,201.5
2023-01-16,2,212.1
2023-01-17,2,234.4
2023-01-18,2,207.8
2023-01-19,2,211.3
2023-01-20,2,178.9
2023-01-21,2,174.2
2023-01-22,2,206.5
2023-01-23,2,212.4
2023-01-24,2,242.7
2023-01-25,2,211.9
2023-01-26,2,212.9
2023-01-27,2,187.4
2023-01-28,2,197.9
2023-01-29,2,204.7
2023-01-30,2,249.4
2023-01-31,2,218.0
2023-02-01,2,188.2
2023-02-02,2,203.9
2023-02-03,2,180.3
2023-02-04,2,196.4
2023-02-05,2,209.3
2023-02-06,2,220.3
2023-02-07,2,225.4
2023-02-08,2,222.8
2023-02-09,2,197.7
2023-02-10,2,189.0
2023-02-11,2,189.4
2023-02-12,2,226.3
2023-02-13,2,238.7
2023-02-14,2,214.8
2023-02-15,2,218.7
2023-02-16,2,193.2
2023-02-17,2,178.0
2023-02-18,2,162.4
2023-02-19,2,206.7
2023-02-20,2,223.2
2023-02-21,2,243.1
2023-02-22,2,229.2
2023-02-23,2,206.2
2023-02-24,2,197.9
2023-02-25,2,202.9
2023-02-26,2,214.9
2023-02-27,2,239.5
2023-02-28,2,216.8
2023-03-01,2,213.8
2023-03-02,2,195.0
2023-03-03,2,185.0
2023-03-04,2,192.8
2023-03-05,2,226.3
2023-03-06,2,234.6
2023-03-07,2,241.7
2023-03-08,2,217.9
2023-03-09,2,200.1
2023-03-10,2,196.3
2023-03-11,2,198.7
2023-03-12,2,214.3
2023-03-13,2,248.8
2023-03-14,2,235.4
2023-03-15,2,210.8
2023-03-16,2,194.3
2023-03-17,2,198.9
2023-03-18,2,202.0
2023-03-19,2,219.8
2023-03-20,2,230.8
2023-03-21,2,219.1
2023-03-22,2,234.0
2023-03-23,2,214.8
2023-03-24,2,186.6
2023-03-25,2,198.0
2023-03-26,2,211.9
2023-03-27,2,221.9
2023-03-28,2,217.9
2023-03-29,2,224.4
2023-03-30,2,186.4
2023-03-31,2,184.5
2023-04-01,2,211.5
2023-04-02,2,214.2
2023-04-03,2,229.5
2023-04-04,2,226.6
2023-04-05,2,203.1
2023-04-06,2,205.5
2023-04-07,2,195.5
2023-04-08,2,202.3
2023-04-09,2,206.1
2023-04-10,2,221.5
2023-04-11,2,235.2
2023-04-12,2,206.1
2023-04-13,2,209.5
2023-04-14,2,188.9
2023-04-15,2,197.3
2023-04-16,2,233.1
2023-04-17,2,222.9
2023-04-18,2,230.9
2023-04-19,2,219.0
2023-04-20,2,181.5
2023-04-21,2,196.6
2023-04-22,2,171.0
2023-04-23,2,217.6
2023-04-24,2,218.7
2023-04-25,2,222.1
2023-04-26,2,218.3
2023-04-27,2,188.1
2023-04-28,2,189.4
2023-04-29,2,183.4
2023-04-30,2,197.1
2023-05-01,2,223.5
2023-05-02,2,241.7
2023-05-03,2,225.9
2023-05-04,2,195.9
2023-05-05,2,188.9
2023-05-06,2,188.9
2023-05-07,2,198.1
2023-05-08,2,215.2
2023-05-09,2,232.1
2023-05-10,2,211.4
2023-05-11,2,200.7
2023-05-12,2,180.3
2023-05-13,2,202.3
2023-05-14,2,216.4
2023-05-15,2,241.2
2023-05-16,2,243.1
2023-05-17,2,209.5
2023-05-18,2,192.7
2023-05-19,2,194.0
2023-05-20,2,185.5
2023-05-21,2,212.4
2023-05-22,2,222.2
2023-05-23,2,238.7
2023-05-24,2,228.1
2023-05-25,2,198.3
2023-05-26,2,172.2
2023-05-27,2,204.5
2023-05-28,2,203.9
2023-05-29,2,225.4
2023-05-30,2,228.1
2023-05-31,2,222.5
2023-06-01,2,195.1
2023-06-02,2,179.3
2023-06-03,2,195.9
2023-06-04,2,218.3
2023-06-05,2,224.4
2023-06-06,2,228.2
2023-06-07,2,206.8
2023-06-08,2,206.5
2023-06-09,2,196.4
2023-06-10,2,193.3
2023-06-11,2,200.3
2023-06-12,2,226.5
2023-06-13,2,231.2
2023-06-14,2,218.3
2023-06-15,2,190.5
2023-06-16,2,193.0
2023-06-17,2,196.0
2023-06-18,2,214.2
2023-06-19,2,224.3
2023-06-20,2,242.3
2023-06-21,2,218.7
2023-06-22,2,215.3
2023-06-23,2,192.7
2023-06-24,2,182.8
2023-06-25,2,218.4
2023-06-26,2,222.0
2023-06-27,2,225.1
2023-06-28,2,229.1
2023-06-29,2,188.8
2023-06-30,2,173.0
2023-07-01,2,192.2
2023-07-02,2,213.0
2023-07-03,2,234.3
2023-07-04,2,230.9
2023-07-05,2,196.2
2023-07-06,2,191.6
2023-07-07,2,177.9
2023-07-08,2,175.5
2023-07-09,2,208.3
2023-07-10,2,230.7
2023-07-11,2,239.2
2023-07-12,2,223.6
2023-07-13,2,195.7
2023-07-14,2,201.3
2023-07-15,2,192.3
2023-07-16,2,210.6
2023-07-17,2,219.0
2023-07-18,2,227.0
2023-07-19,2,214.5
2023-07-20,2,187.5
2023-07-21,2,196.9
2023-07-22,2,196.0
2023-07-23,2,217.9
2023-07-24,2,218.6
2023-07-25,2,236.6
2023-07-26,2,203.0
2023-07-27,2,206.7
2023-07-28,2,197.3
2023-07-29,2,184.0
2023-07-30,2,221.2
2023-07-31,2,241.2
2023-08-01,2,223.8
2023-08-02,2,233.2
2023-08-03,2,184.3
2023-08-04,2,189.1
2023-08-05,2,168.2
2023-08-06,2,219.3
2023-08-07,2,210.3
2023-08-08,2,210.0
2023-08-09,2,221.3
2023-08-10,2,211.7
2023-08-11,2,186.5
2023-08-12,2,195.7
2023-08-13,2,227.6
2023-08-14,2,216.1
2023-08-15,2,219.7
2023-08-16,2,229.5
2023-08-17,2,203.6
2023-08-18,2,204.7
2023-08-19,2,181.4
2023-08-20,2,192.1
2023-08-21,2,211.3
2023-08-22,2,236.6
2023-08-23,2,230.7
2023-08-24,2,212.0
2023-08-25,2,196.1
2023-08-26,2,206.9
2023-08-27,2,203.9
2023-08-28,2,205.8
2023-08-29,2,213.3
2023-08-30,2,204.1
2023-08-31,2,182.0
2023-09-01,2,176.9
2023-09-02,2,185.1
2023-09-03,2,216.1
2023-09-04,2,228.6
2023-09-05,2,244.6
2023-09-06,2,206.3
2023-09-07,2,205.1
2023-09-08,2,203.7
2023-09-09,2,189.3
2023-09-10,2,205.5
2023-09-11,2,239.5
2023-09-12,2,225.9
2023-09-13,2,233.0
2023-09-14,2,186.5
2023-09-15,2,206.7
2023-09-16,2,206.9
2023-09-17,2,200.4
2023-09-18,2,222.6
2023-09-19,2,217.1
2023-09-20,2,213.7
2023-09-21,2,185.7
2023-09-22,2,172.7
2023-09-23,2,181.8
2023-09-24,2,220.4
2023-09-25,2,207.0
2023-09-26,2,243.2
2023-09-27,2,227.8
2023-09-28,2,214.5
2023-09-29,2,193.9
2023-09-30,2,210.9
2023-10-01,2,195.7
2023-10-02,2,239.3
2023-10-03,2,259.9
2023-10-04,2,216.0
2023-10-05,2,200.8
2023-10-06,2,181.3
2023-10-07,2,195.0
2023-10-08,2,211.9
2023-10-09,2,202.0
2023-10-10,2,235.6
2023-10-11,2,229.8
2023-10-12,2,192.5
2023-10-13,2,186.3
2023-10-14,2,202.8
2023-10-15,2,200.7
2023-10-16,2,233.1
2023-10-17,2,232.4
2023-10-18,2,242.0
2023-10-19,2,200.0
2023-10-20,2,185.2
2023-10-21,2,196.8
2023-10-22,2,211.2
2023-10-23,2,242.0
2023-10-24,2,245.3
2023-10-25,2,211.4
2023-10-26,2,199.4
2023-10-27,2,183.6
2023-10-28,2,185.6
2023-10-29,2,177.4
2023-10-30,2,242.5
2023-10-31,2,222.8
2023-11-01,2,214.2
2023-11-02,2,229.0
2023-11-03,2,184.1
2023-11-04,2,192.5
2023-11-05,2,212.7
2023-11-06,2,229.0
2023-11-07,2,223.3
2023-11-08,2,229.9
2023-11-09,2,202.9
2023-11-10,2,191.6
2023-11-11,2,187.6
2023-11-12,2,208.7
2023-11-13,2,235.4
2023-11-14,2,239.3
2023-11-15,2,214.4
2023-11-16,2,193.6
2023-11-17,2,199.3
2023-11-18,2,197.4
2023-11-19,2,218.8
2023-11-20,2,215.9
2023-11-21,2,229.3
2023-11-22,2,227.5
2023-11-23,2,194.2
2023-11-24,2,209.4
2023-11-25,2,210.7
2023-11-26,2,208.0
2023-11-27,2,223.7
2023-11-28,2,232.7
2023-11-29,2,220.4
2023-11-30,2,213.5
2023-12-01,2,181.7
2023-12-02,2,185.7
2023-12-03,2,212.7
2023-12-04,2,230.6
2023-12-05,2,229.1
2023-12-06,2,227.6
2023-12-07,2,215.0
2023-12-08,2,198.0
2023-12-09,2,198.1
2023-12-10,2,207.8
2023-12-11,2,226.4
2023-12-12,2,215.8
2023-12-13,2,206.8
2023-12-14,2,213.9
2023-12-15,2,208.0
2023-12-16,2,180.7
2023-12-17,2,215.5
2023-12-18,2,210.4
2023-12-19,2,246.0
2023-12-20,2,218.5
2023-12-21,2,226.5
2023-12-22,2,184.1
2023-12-23,2,189.3
2023-12-24,2,214.0
2023-12-25,2,234.7
2023-12-26,2,237.6
2023-12-27,2,228.4
2023-12-28,2,199.1
2023-12-29,2,200.4
2023-12-30,2,216.6
2023-12-31,2,218.0
2024-01-01,2,217.5
2024-01-02,2,233.8
2024-01-03,2,199.1
2024-01-04,2,208.3
2024-01-05,2,173.8
2024-01-06,2,201.5
2024-01-07,2,209.6
2024-01-08,2,235.7
2024-01-09,2,230.0
2024-01-10,2,232.8
2024-01-11,2,207.0
2024-01-12,2,201.5
2024-01-13,2,190.5
2024-01-14,2,205.6
2024-01-15,2,211.7
2024-01-16,2,218.1
2024-01-17,2,219.6
2024-01-18,2,202.0
2024-01-19,2,194.5
2024-01-20,2,187.5
2024-01-21,2,211.7
2024-01-22,2,239.1
2024-01-23,2,233.8
2024-01-24,2,219.1
2024-01-25,2,204.2
2024-01-26,2,202.9
2024-01-27,2,196.1
2024-01-28,2,204.8
2024-01-29,2,220.5
2024-01-30,2,224.1
2024-01-31,2,213.0
2024-02-01,2,209.2
2024-02-02,2,207.5
2024-02-03,2,190.3
2024-02-04,2,201.0
2024-02-05,2,212.9
2024-02-06,2,246.8
2024-02-07,2,228.3
2024-02-08,2,194.5
2024-02-09,2,191.9
2024-02-10,2,208.4
2024-02-11,2,209.4
2024-02-12,2,234.3
2024-02-13,2,227.9
2024-02-14,2,215.7
2024-02-15,2,174.8
2024-02-16,2,186.5
2024-02-17,2,189.0
2024-02-18,2,215.2
2024-02-19,2,228.1
2024-02-20,2,231.5
2024-02-21,2,228.2
2024-02-22,2,177.9
2024-02-23,2,190.0
2024-02-24,2,182.7
2024-02-25,2,197.5
2024-02-26,2,222.7
2024-02-27,2,229.7
2024-02-28,2,223.7
2024-02-29,2,205.7
2024-03-01,2,182.2
2024-03-02,2,192.4
2024-03-03,2,224.4
2024-03-04,2,241.8
2024-03-05,2,226.4
2024-03-06,2,219.6
2024-03-07,2,192.4
2024-03-08,2,200.8
2024-03-09,2,217.5
2024-03-10,2,204.6
2024-03-11,2,237.4
2024-03-12,2,236.9
2024-03-13,2,217.0
2024-03-14,2,194.4
2024-03-15,2,215.3
2024-03-16,2,202.0
2024-03-17,2,219.6
2024-03-18,2,223.5
2024-03-19,2,230.1
2024-03-20,2,206.5
2024-03-21,2,208.9
2024-03-22,2,186.8
2024-03-23,2,184.1
2024-03-24,2,201.5
2024-03-25,2,249.7
2024-03-26,2,226.5
2024-03-27,2,222.4
2024-03-28,2,189.4
2024-03-29,2,188.6
2024-03-30,2,180.7
2024-03-31,2,213.7
2024-04-01,2,216.5
2024-04-02,2,237.5
2024-04-03,2,200.8
2024-04-04,2,195.0
2024-04-05,2,202.3
2024-04-06,2,209.7
2024-04-07,2,210.1
2024-04-08,2,221.8
2024-04-09,2,230.7
2024-04-10,2,239.2
2024-04-11,2,198.6
2024-04-12,2,190.5
2024-04-13,2,183.8
2024-04-14,2,203.2
2024-04-15,2,230.0
2024-04-16,2,238.4
2024-04-17,2,221.7
2024-04-18,2,209.6
2024-04-19,2,180.5
2024-04-20,2,183.4
2024-04-21,2,217.9
2024-04-22,2,220.9
2024-04-23,2,217.8
2024-04-24,2,220.7
2024-04-25,2,202.2
2024-04-26,2,188.6
2024-04-27,2,210.2
2024-04-28,2,228.7
2024-04-29,2,235.2
2024-04-30,2,233.8
2024-05-01,2,232.5
2024-05-02,2,202.9
2024-05-03,2,188.6
2024-05-04,2,188.5
2024-05-05,2,202.2
2024-05-06,2,234.9
2024-05-07,2,214.5
2024-05-08,2,212.7
2024-05-09,2,197.8
2024-05-10,2,176.4
2024-05-11,2,190.4
2024-05-12,2,210.9
2024-05-13,2,235.9
2024-05-14,2,224.4
2024-05-15,2,219.7
2024-05-16,2,186.4
2024-05-17,2,178.3
2024-05-18,2,175.3
2024-05-19,2,219.8
2024-05-20,2,222.4
2024-05-21,2,231.7
2024-05-22,2,223.9
2024-05-23,2,209.4
2024-05-24,2,210.6
2024-05-25,2,194.0
2024-05-26,2,202.9
2024-05-27,2,232.6
2024-05-28,2,253.1
2024-05-29,2,213.3
2024-05-30,2,193.4
2024-05-31,2,165.0
2024-06-01,2,173.7
2024-06-02,2,224.2
2024-06-03,2,223.9
2024-06-04,2,218.1
2024-06-05,2,218.7
2024-06-06,2,227.3
2024-06-07,2,190.5
2024-06-08,2,213.5
2024-06-09,2,200.6
2024-06-10,2,240.2
2024-06-11,2,223.9
2024-06-12,2,211.0
2024-06-13,2,191.9
2024-06-14,2,187.3
2024-06-15,2,204.1
2024-06-16,2,205.2
2024-06-17,2,236.3
2024-06-18,2,222.3
2024-06-19,2,217.9
2024-06-20,2,196.0
2024-06-21,2,208.6
2024-06-22,2,199.5
2024-06-23,2,212.8
2024-06-24,2,222.8
2024-06-25,2,223.7
2024-06-26,2,208.6
2024-06-27,2,214.5
2024-06-28,2,174.4
2024-06-29,2,190.7
2024-06-30,2,218.8
2023-01-01,3,223.2
2023-01-02,3,257.4
2023-01-03,3,250.8
2023-01-04,3,248.9
2023-01-05,3,229.6
2023-01-06,3,198.0
2023-01-07,3,230.7
2023-01-08,3,230.1
2023-01-09,3,250.1
2023-01-10,3,260.0
2023-01-11,3,252.4
2023-01-12,3,235.8
2023-01-13,3,228.4
2023-01-14,3,199.7
2023-01-15,3,244.8
2023-01-16,3,255.7
2023-01-17,3,254.0
2023-01-18,3,251.3
2023-01-19,3,240.5
2023-01-20,3,211.7
2023-01-21,3,238.4
2023-01-22,3,251.5
2023-01-23,3,259.3
2023-01-24,3,247.3
2023-01-25,3,270.2
2023-01-26,3,234.2
2023-01-27,3,222.0
2023-01-28,3,225.5
2023-01-29,3,245.5
2023-01-30,3,264.9
2023-01-31,3,259.2
2023-02-01,3,236.2
2023-02-02,3,241.7
2023-02-03,3,212.3
2023-02-04,3,214.3
2023-02-05,3,239.4
2023-02-06,3,251.1
2023-02-07,3,263.3
2023-02-08,3,254.4
2023-02-09,3,226.6
2023-02-10,3,221.7
2023-02-11,3,219.5
2023-02-12,3,247.7
2023-02-13,3,260.5
2023-02-14,3,266.7
2023-02-15,3,245.8
2023-02-16,3,233.9
2023-02-17,3,225.6
2023-02-18,3,231.9
2023-02-19,3,246.6
2023-02-20,3,254.4
2023-02-21,3,248.0
2023-02-22,3,253.7
2023-02-23,3,235.8
2023-02-24,3,209.5
2023-02-25,3,232.8
2023-02-26,3,241.6
2023-02-27,3,254.3
2023-02-28,3,261.6
2023-03-01,3,258.0
2023-03-02,3,246.9
2023-03-03,3,220.0
2023-03-04,3,222.1
2023-03-05,3,246.1
2023-03-06,3,242.2
2023-03-07,3,268.1
2023-03-08,3,235.1
2023-03-09,3,217.6
2023-03-10,3,236.0
2023-03-11,3,203.5
2023-03-12,3,253.1
2023-03-13,3,271.2
2023-03-14,3,262.9
2023-03-15,3,254.7
2023-03-16,3,215.6
2023-03-17,3,215.6
2023-03-18,3,227.9
2023-03-19,3,243.3
2023-03-20,3,260.1
2023-03-21,3,262.8
2023-03-22,3,248.9
2023-03-23,3,219.1
2023-03-24,3,224.0
2023-03-25,3,213.0
2023-03-26,3,236.4
2023-03-27,3,269.6
2023-03-28,3,243.9
2023-03-29,3,247.4
2023-03-30,3,240.0
2023-03-31,3,226.9
2023-04-01,3,227.4
2023-04-02,3,233.2
2023-04-03,3,268.7
2023-04-04,3,247.3
2023-04-05,3,255.6
2023-04-06,3,232.9
2023-04-07,3,212.6
2023-04-08,3,220.5
2023-04-09,3,258.1
2023-04-10,3,244.0
2023-04-11,3,241.9
2023-04-12,3,242.3
2023-04-13,3,235.5
2023-04-14,3,234.7
2023-04-15,3,224.6
2023-04-16,3,223.7
2023-04-17,3,256.6
2023-04-18,3,268.1
2023-04-19,3,251.9
2023-04-20,3,236.3
2023-04-21,3,201.8
2023-04-22,3,210.9
2023-04-23,3,238.7
2023-04-24,3,267.0
2023-04-25,3,251.6
2023-04-26,3,250.7
2023-04-27,3,233.0
2023-04-28,3,210.1
2023-04-29,3,217.0
2023-04-30,3,239.7
2023-05-01,3,252.0
2023-05-02,3,267.7
2023-05-03,3,244.5
2023-05-04,3,240.2
2023-05-05,3,216.9
2023-05-06,3,224.6
2023-05-07,3,248.0
2023-05-08,3,254.6
2023-05-09,3,255.2
2023-05-10,3,248.0
2023-05-11,3,240.3
2023-05-12,3,223.8
2023-05-13,3,202.9
2023-05-14,3,232.8
2023-05-15,3,248.5
2023-05-16,3,265.3
2023-05-17,3,229.5
2023-05-18,3,234.1
2023-05-19,3,226.9
2023-05-20,3,230.7
2023-05-21,3,239.2
2023-05-22,3,239.5
2023-05-23,3,256.9
2023-05-24,3,263.4
2023-05-25,3,225.4
2023-05-26,3,242.3
2023-05-27,3,232.5
2023-05-28,3,238.6
2023-05-29,3,257.9
2023-05-30,3,263.2
2023-05-31,3,242.9
2023-06-01,3,227.2
2023-06-02,3,240.4
2023-06-03,3,239.3
2023-06-04,3,236.2
2023-06-05,3,247.8
2023-06-06,3,243.6
2023-06-07,3,270.2
2023-06-08,3,241.6
2023-06-09,3,233.0
2023-06-10,3,218.9
2023-06-11,3,233.9
2023-06-12,3,246.4
2023-06-13,3,227.9
2023-06-14,3,239.9
2023-06-15,3,234.5
2023-06-16,3,223.0
2023-06-17,3,218.2
2023-06-18,3,246.5
2023-06-19,3,248.9
2023-06-20,3,267.2
2023-06-21,3,256.2
2023-06-22,3,239.5
2023-06-23,3,221.2
2023-06-24,3,216.2
2023-06-25,3,228.1
2023-06-26,3,234.0
2023-06-27,3,267.1
2023-06-28,3,231.8
2023-06-29,3,230.0
2023-06-30,3,222.7
2023-07-01,3,213.7
2023-07-02,3,238.8
2023-07-03,3,258.8
2023-07-04,3,256.8
2023-07-05,3,253.3
2023-07-06,3,226.9
2023-07-07,3,217.7
2023-07-08,3,215.5
2023-07-09,3,238.6
2023-07-10,3,255.7
2023-07-11,3,250.3
2023-07-12,3,253.0
2023-07-13,3,206.7
2023-07-14,3,231.3
2023-07-15,3,210.2
2023-07-16,3,250.4
2023-07-17,3,261.8
2023-07-18,3,269.6
2023-07-19,3,237.4
2023-07-20,3,229.3
2023-07-21,3,223.4
2023-07-22,3,228.6
2023-07-23,3,248.4
2023-07-24,3,262.2
2023-07-25,3,264.3
2023-07-26,3,253.6
2023-07-27,3,238.2
2023-07-28,3,220.7
2023-07-29,3,235.8
2023-07-30,3,239.2
2023-07-31,3,238.7
2023-08-01,3,272.0
2023-08-02,3,253.4
2023-08-03,3,229.8
2023-08-04,3,221.6
2023-08-05,3,239.4
2023-08-06,3,241.0
2023-08-07,3,270.8
2023-08-08,3,264.2
2023-08-09,3,245.0
2023-08-10,3,218.2
2023-08-11,3,221.4
2023-08-12,3,237.5
2023-08-13,3,234.3
2023-08-14,3,259.3
2023-08-15,3,274.8
2023-08-16,3,230.9
2023-08-17,3,235.3
2023-08-18,3,226.0
2023-08-19,3,227.9
2023-08-20,3,223.0
2023-08-21,3,248.0
2023-08-22,3,238.6
2023-08-23,3,235.5
2023-08-24,3,239.8
2023-08-25,3,217.2
2023-08-26,3,232.6
2023-08-27,3,247.6
2023-08-28,3,244.4
2023-08-29,3,261.2
2023-08-30,3,232.8
2023-08-31,3,234.1
2023-09-01,3,224.7
2023-09-02,3,222.1
2023-09-03,3,223.2
2023-09-04,3,240.8
2023-09-05,3,284.9
2023-09-06,3,254.9
2023-09-07,3,228.5
2023-09-08,3,230.1
2023-09-09,3,239.1
2023-09-10,3,252.1
2023-09-11,3,253.7
2023-09-12,3,256.2
2023-09-13,3,256.6
2023-09-14,3,229.0
2023-09-15,3,232.5
2023-09-16,3,225.5
2023-09-17,3,247.9
2023-09-18,3,266.0
2023-09-19,3,246.5
2023-09-20,3,250.1
2023-09-21,3,242.8
2023-09-22,3,212.4
2023-09-23,3,218.9
2023-09-24,3,252.0
2023-09-25,3,270.9
2023-09-26,3,224.3
2023-09-27,3,260.7
2023-09-28,3,208.1
2023-09-29,3,219.9
2023-09-30,3,210.5
2023-10-01,3,234.5
2023-10-02,3,256.7
2023-10-03,3,264.8
2023-10-04,3,263.0
2023-10-05,3,217.9
2023-10-06,3,232.1
2023-10-07,3,221.6
2023-10-08,3,237.4
2023-10-09,3,272.6
2023-10-10,3,267.9
2023-10-11,3,231.9
2023-10-12,3,230.5
2023-10-13,3,213.0
2023-10-14,3,220.0
2023-10-15,3,238.7
2023-10-16,3,260.3
2023-10-17,3,246.9
2023-10-18,3,246.5
2023-10-19,3,227.4
2023-10-20,3,224.3
2023-10-21,3,223.8
2023-10-22,3,249.4
2023-10-23,3,258.2
2023-10-24,3,265.5
2023-10-25,3,251.0
2023-10-26,3,219.8
2023-10-27,3,216.8
2023-10-28,3,217.7
2023-10-29,3,247.6
2023-10-30,3,264.2
2023-10-31,3,258.7
2023-11-01,3,250.1
2023-11-02,3,215.5
2023-11-03,3,216.6
2023-11-04,3,199.3
2023-11-05,3,248.1
2023-11-06,3,277.9
2023-11-07,3,254.2
2023-11-08,3,251.0
2023-11-09,3,235.5
2023-11-10,3,209.1
2023-11-11,3,223.0
2023-11-12,3,244.7
2023-11-13,3,257.3
2023-11-14,3,260.1
2023-11-15,3,245.7
2023-11-16,3,223.2
2023-11-17,3,227.3
2023-11-18,3,242.0
2023-11-19,3,219.9
2023-11-20,3,234.1
2023-11-21,3,247.4
2023-11-22,3,244.3
2023-11-23,3,228.7
2023-11-24,3,221.8
2023-11-25,3,225.1
2023-11-26,3,238.6
2023-11-27,3,268.4
2023-11-28,3,250.2
2023-11-29,3,257.8
2023-11-30,3,251.2
2023-12-01,3,205.8
2023-12-02,3,204.9
2023-12-03,3,241.9
2023-12-04,3,262.1
2023-12-05,3,259.9
2023-12-06,3,227.4
2023-12-07,3,214.5
2023-12-08,3,215.4
2023-12-09,3,228.5
2023-12-10,3,236.5
2023-12-11,3,257.8
2023-12-12,3,261.4
2023-12-13,3,258.0
2023-12-14,3,219.7
2023-12-15,3,221.4
2023-12-16,3,238.8
2023-12-17,3,232.1
2023-12-18,3,249.4
2023-12-19,3,260.4
2023-12-20,3,238.1
2023-12-21,3,219.7
2023-12-22,3,217.0
2023-12-23,3,221.9
2023-12-24,3,247.5
2023-12-25,3,246.7
2023-12-26,3,259.8
2023-12-27,3,261.0
2023-12-28,3,243.1
2023-12-29,3,219.4
2023-12-30,3,226.3
2023-12-31,3,230.9
2024-01-01,3,258.5
2024-01-02,3,274.8
2024-01-03,3,261.7
2024-01-04,3,231.1
2024-01-05,3,224.0
2024-01-06,3,217.0
2024-01-07,3,230.7
2024-01-08,3,252.0
2024-01-09,3,262.2
2024-01-10,3,255.9
2024-01-11,3,230.5
2024-01-12,3,224.9
2024-01-13,3,198.8
2024-01-14,3,241.7
2024-01-15,3,249.4
2024-01-16,3,247.0
2024-01-17,3,253.2
2024-01-18,3,245.8
2024-01-19,3,220.4
2024-01-20,3,233.2
2024-01-21,3,235.8
2024-01-22,3,276.2
2024-01-23,3,243.7
2024-01-24,3,247.7
2024-01-25,3,238.8
2024-01-26,3,220.2
2024-01-27,3,238.1
2024-01-28,3,219.3
2024-01-29,3,254.5
2024-01-30,3,257.0
2024-01-31,3,247.6
2024-02-01,3,215.5
2024-02-02,3,217.6
2024-02-03,3,221.0
2024-02-04,3,242.4
2024-02-05,3,266.6
2024-02-06,3,260.6
2024-02-07,3,252.9
2024-02-08,3,243.9
2024-02-09,3,232.4
2024-02-10,3,200.5
2024-02-11,3,248.0
2024-02-12,3,263.5
2024-02-13,3,256.9
2024-02-14,3,244.1
2024-02-15,3,220.0
2024-02-16,3,201.1
2024-02-17,3,232.9
2024-02-18,3,247.7
2024-02-19,3,254.6
2024-02-20,3,266.6
2024-02-21,3,258.9
2024-02-22,3,213.4
2024-02-23,3,223.0
2024-02-24,3,221.9
2024-02-25,3,244.3
2024-02-26,3,257.5
2024-02-27,3,267.2
2024-02-28,3,232.8
2024-02-29,3,244.5
2024-03-01,3,215.3
2024-03-02,3,223.0
2024-03-03,3,222.4
2024-03-04,3,254.6
2024-03-05,3,259.3
2024-03-06,3,247.9
2024-03-07,3,224.0
2024-03-08,3,208.3
2024-03-09,3,230.8
2024-03-10,3,222.6
2024-03-11,3,263.7
2024-03-12,3,276.4
2024-03-13,3,270.8
2024-03-14,3,220.5
2024-03-15,3,226.4
2024-03-16,3,218.7
2024-03-17,3,252.2
2024-03-18,3,259.6
2024-03-19,3,256.6
2024-03-20,3,239.6
2024-03-21,3,227.6
2024-03-22,3,213.8
2024-03-23,3,224.1
2024-03-24,3,240.3
2024-03-25,3,250.1
2024-03-26,3,253.1
2024-03-27,3,255.0
2024-03-28,3,238.3
2024-03-29,3,212.4
2024-03-30,3,223.8
2024-03-31,3,231.4
2024-04-01,3,281.7
2024-04-02,3,250.1
2024-04-03,3,251.2
2024-04-04,3,235.8
2024-04-05,3,213.8
2024-04-06,3,215.8
2024-04-07,3,237.2
2024-04-08,3,247.0
2024-04-09,3,261.4
2024-04-10,3,240.2
2024-04-11,3,232.8
2024-04-12,3,199.9
2024-04-13,3,216.3
2024-04-14,3,235.8
2024-04-15,3,265.6
2024-04-16,3,241.0
2024-04-17,3,258.8
2024-04-18,3,237.9
2024-04-19,3,202.6
2024-04-20,3,229.7
2024-04-21,3,230.7
2024-04-22,3,261.3
2024-04-23,3,265.8
2024-04-24,3,256.6
2024-04-25,3,225.6
2024-04-26,3,227.3
2024-04-27,3,239.8
2024-04-28,3,237.1
2024-04-29,3,254.0
2024-04-30,3,266.6
2024-05-01,3,220.2
2024-05-02,3,221.5
2024-05-03,3,230.6
2024-05-04,3,225.9
2024-05-05,3,237.8
2024-05-06,3,246.2
2024-05-07,3,259.8
2024-05-08,3,243.4
2024-05-09,3,213.9
2024-05-10,3,233.5
2024-05-11,3,217.4
2024-05-12,3,237.3
2024-05-13,3,237.8
2024-05-14,3,254.1
2024-05-15,3,258.7
2024-05-16,3,240.6
2024-05-17,3,220.8
2024-05-18,3,218.1
2024-05-19,3,240.3
2024-05-20,3,260.7
2024-05-21,3,244.5
2024-05-22,3,251.2
2024-05-23,3,239.0
2024-05-24,3,219.9
2024-05-25,3,224.2
2024-05-26,3,232.7
2024-05-27,3,258.6
2024-05-28,3,275.6
2024-05-29,3,262.7
2024-05-30,3,225.6
2024-05-31,3,216.8
2024-06-01,3,238.0
2024-06-02,3,245.9
2024-06-03,3,261.4
2024-06-04,3,241.4
2024-06-05,3,257.8
2024-06-06,3,228.5
2024-06-07,3,222.8
2024-06-08,3,217.3
2024-06-09,3,256.5
2024-06-10,3,245.9
2024-06-11,3,279.0
2024-06-12,3,249.0
2024-06-13,3,229.6
2024-06-14,3,211.7
2024-06-15,3,219.1
2024-06-16,3,238.0
2024-06-17,3,257.0
2024-06-18,3,264.9
2024-06-19,3,246.6
2024-06-20,3,236.7
2024-06-21,3,232.3
2024-06-22,3,235.0
2024-06-23,3,246.3
2024-06-24,3,260.6
2024-06-25,3,248.9
2024-06-26,3,250.8
2024-06-27,3,220.5
2024-06-28,3,230.7
2024-06-29,3,227.2
2024-06-30,3,251.3
