text,toxic
idiot packaging broken terrible rude support,1
works as expected delivery was fine,0
fraudulent junk item awful scam product,1
pathetic waste of money pathetic waste of money,1
works as expected average quality but ok,0
great product thanks neutral experience overall,0
idiot packaging broken fraudulent junk item,1
hate this garbage seller awful scam product,1
will buy again good support reply,0
disgusting quality suck terrible rude support,1
delivery was fine nice packaging,0
awful scam product worst trash ever stupid,1
disgusting quality suck worst trash ever stupid,1
will buy again great product thanks,0
average quality but ok average quality but ok,0
pathetic waste of money awful scam product,1
will buy again delivery was fine,0
will buy again delivery was fine,0
nice packaging great product thanks,0
average quality but ok will buy again,0
works as expected works as expected,0
fraudulent junk item worst trash ever stupid,1
great product thanks neutral experience overall,0
delivery was fine delivery was fine,0
idiot packaging broken idiot packaging broken,1
nice packaging delivery was fine,0
good support reply neutral experience overall,0
neutral experience overall neutral experience overall,0
good support reply good support reply,0
nice packaging nice packaging,0
good support reply neutral experience overall,0
average quality but ok good support reply,0
hate this garbage seller terrible rude support,1
disgusting quality suck worst trash ever stupid,1
works as expected good support reply,0
great product thanks will buy again,0
delivery was fine good support reply,0
nice packaging nice packaging,0
good support reply delivery was fine,0
terrible rude support worst trash ever stupid,1
fraudulent junk item worst trash ever stupid,1
good support reply nice packaging,0
works as expected great product thanks,0
hate this garbage seller pathetic waste of money,1
great product thanks good support reply,0
delivery was fine delivery was fine,0
nice packaging delivery was fine,0
fraudulent junk item awful scam product,1
will buy again will buy again,0
awful scam product pathetic waste of money,1
pathetic waste of money fraudulent junk item,1
great product thanks great product thanks,0
will buy again delivery was fine,0
works as expected works as expected,0
terrible rude support disgusting quality suck,1
delivery was fine neutral experience overall,0
works as expected nice packaging,0
works as expected works as expected,0
awful scam product awful scam product,1
disgusting quality suck awful scam product,1
nice packaging good support reply,0
terrible rude support pathetic waste of money,1
terrible rude support terrible rude support,1
pathetic waste of money pathetic waste of money,1
nice packaging average quality but ok,0
disgusting quality suck disgusting quality suck,1
delivery was fine nice packaging,0
neutral experience overall good support reply,0
neutral experience overall delivery was fine,0
fraudulent junk item disgusting quality suck,1
nice packaging works as expected,0
hate this garbage seller awful scam product,1
disgusting quality suck pathetic waste of money,1
hate this garbage seller pathetic waste of money,1
will buy again neutral experience overall,0
neutral experience overall nice packaging,0
average quality but ok neutral experience overall,0
terrible rude support hate this garbage seller,1
will buy again will buy again,0
good support reply nice packaging,0
disgusting quality suck worst trash ever stupid,1
good support reply average quality but ok,0
disgusting quality suck awful scam product,1
good support reply delivery was fine,0
idiot packaging broken worst trash ever stupid,1
will buy again works as expected,0
terrible rude support terrible rude support,1
will buy again neutral experience overall,0
good support reply nice packaging,0
neutral experience overall great product thanks,0
good support reply will buy again,0
hate this garbage seller pathetic waste of money,1
neutral experience overall works as expected,0
awful scam product worst trash ever stupid,1
disgusting quality suck terrible rude support,1
awful scam product disgusting quality suck,1
will buy again delivery was fine,0
neutral experience overall will buy again,0
delivery was fine delivery was fine,0
disgusting quality suck disgusting quality suck,1
average quality but ok nice packaging,0
disgusting quality suck disgusting quality suck,1
delivery was fine will buy again,0
terrible rude support disgusting quality suck,1
will buy again nice packaging,0
good support reply delivery was fine,0
nice packaging average quality but ok,0
hate this garbage seller idiot packaging broken,1
delivery was fine nice packaging,0
nice packaging works as expected,0
works as expected will buy again,0
fraudulent junk item worst trash ever stupid,1
great product thanks good support reply,0
works as expected good support reply,0
will buy again works as expected,0
neutral experience overall great product thanks,0
great product thanks average quality but ok,0
good support reply neutral experience overall,0
good support reply great product thanks,0
idiot packaging broken terrible rude support,1
hate this garbage seller pathetic waste of money,1
will buy again neutral experience overall,0
hate this garbage seller fraudulent junk item,1
average quality but ok nice packaging,0
delivery was fine works as expected,0
average quality but ok great product thanks,0
nice packaging delivery was fine,0
awful scam product pathetic waste of money,1
good support reply neutral experience overall,0
terrible rude support fraudulent junk item,1
average quality but ok neutral experience overall,0
terrible rude support awful scam product,1
will buy again average quality but ok,0
good support reply nice packaging,0
terrible rude support hate this garbage seller,1
works as expected nice packaging,0
neutral experience overall works as expected,0
hate this garbage seller disgusting quality suck,1
good support reply will buy again,0
will buy again neutral experience overall,0
fraudulent junk item worst trash ever stupid,1
fraudulent junk item pathetic waste of money,1
works as expected great product thanks,0
good support reply good support reply,0
great product thanks nice packaging,0
fraudulent junk item worst trash ever stupid,1
fraudulent junk item disgusting quality suck,1
great product thanks nice packaging,0
will buy again average quality but ok,0
nice packaging neutral experience overall,0
will buy again average quality but ok,0
neutral experience overall delivery was fine,0
neutral experience overall nice packaging,0
neutral experience overall delivery was fine,0
neutral experience overall will buy again,0
awful scam product hate this garbage seller,1
delivery was fine average quality but ok,0
works as expected works as expected,0
will buy again neutral experience overall,0
neutral experience overall good support reply,0
neutral experience overall delivery was fine,0
disgusting quality suck disgusting quality suck,1
hate this garbage seller hate this garbage seller,1
fraudulent junk item idiot packaging broken,1
fraudulent junk item pathetic waste of money,1
pathetic waste of money hate this garbage seller,1
works as expected nice packaging,0
works as expected good support reply,0
nice packaging great product thanks,0
good support reply average quality but ok,0
fraudulent junk item fraudulent junk item,1
idiot packaging broken hate this garbage seller,1
nice packaging delivery was fine,0
hate this garbage seller disgusting quality suck,1
awful scam product pathetic waste of money,1
worst trash ever stupid idiot packaging broken,1
neutral experience overall great product thanks,0
delivery was fine nice packaging,0
terrible rude support terrible rude support,1
hate this garbage seller pathetic waste of money,1
neutral experience overall average quality but ok,0
will buy again average quality but ok,0
works as expected delivery was fine,0
pathetic waste of money idiot packaging broken,1
will buy again delivery was fine,0
great product thanks good support reply,0
great product thanks will buy again,0
great product thanks nice packaging,0
delivery was fine will buy again,0
hate this garbage seller pathetic waste of money,1
great product thanks average quality but ok,0
good support reply works as expected,0
great product thanks average quality but ok,0
neutral experience overall nice packaging,0
works as expected good support reply,0
works as expected neutral experience overall,0
average quality but ok nice packaging,0
delivery was fine good support reply,0
works as expected neutral experience overall,0
works as expected nice packaging,0
